{
  "type": "minecraft:chest",
  "pools": [
    {
      "rolls": {
        "min": {
          "min": 1,
          "max": 6
        },
        "max": 4
      },
      "entries": [
        {
          "type": "minecraft:item",
          "name": "minecraft:iron_ore",
          "weight": 6,
          "functions": [
            {
              "function": "minecraft:set_count",
              "count": {
                "min": 4,
                "max": 10
              }
            }
          ]
        },
        {
          "type": "minecraft:item",
          "name": "minecraft:iron_ingot",
          "weight": 6,
          "functions": [
            {
              "function": "minecraft:set_count",
              "count": {
                "min": 4,
                "max": 12
              }
            }
          ]
        },
        {
          "type": "minecraft:item",
          "name": "minecraft:deepslate_iron_ore",
          "weight": 6,
          "functions": [
            {
              "function": "minecraft:set_count",
              "count": {
                "min": 4,
                "max": 10
              }
            }
          ]
        },
        {
          "type": "minecraft:item",
          "name": "minecraft:iron_block",
          "weight": 1,
          "functions": [
            {
              "function": "minecraft:set_count",
              "count": {
                "min": 1,
                "max": 4
              }
            }
          ]
        },
        {
          "type": "minecraft:item",
          "name": "minecraft:tuff",
          "weight": 3,
          "functions": [
            {
              "function": "minecraft:set_count",
              "count": {
                "min": 10,
                "max": 15
              }
            }
          ]
        },
        {
          "type": "minecraft:item",
          "name": "minecraft:cobbled_deepslate",
          "weight": 3,
          "functions": [
            {
              "function": "minecraft:set_count",
              "count": {
                "min": 10,
                "max": 15
              }
            }
          ]
        },
        {
          "type": "minecraft:item",
          "name": "minecraft:stone",
          "weight": 3,
          "functions": [
            {
              "function": "minecraft:set_count",
              "count": {
                "min": 10,
                "max": 15
              }
            }
          ]
        },
        {
          "type": "minecraft:item",
          "name": "minecraft:iron_nugget",
          "weight": 8,
          "functions": [
            {
              "function": "minecraft:set_count",
              "count": {
                "min": 2,
                "max": 25
              }
            }
          ]
        }
      ]
    },
    {
      "rolls": 1,
      "entries": [
        {
          "type": "minecraft:item",
          "name": "minecraft:trident",
          "functions": [
            {
              "function": "minecraft:set_nbt",
              "tag": "{display:{Name:'[\"\",{\"text\":\"An Ancient Mesopotamian Spear\",\"italic\":false,\"color\":\"aqua\"}]',Lore:['[\"\",{\"text\":\"Very old and very nice\",\"italic\":false,\"color\":\"#336699\"}]']},Enchantments:[{lvl:8,id:impaling},{lvl:5,id:loyalty},{lvl:3,id:unbreaking}]}"
            }
          ]
        },
        {
          "type": "minecraft:item",
          "name": "minecraft:iron_chestplate",
          "functions": [
            {
              "function": "minecraft:set_nbt",
              "tag": "{Trim:{pattern:silence,material:iron},display:{Name:'[\"\",{\"text\":\"Galvanized \",\"italic\":false,\"color\":\"#bbbbbb\"},{\"text\":\"Iron Chestplate\",\"italic\":false,\"color\":\"white\"}]',Lore:['[\"\",{\"text\":\"Molten with Galvanized Steel\",\"italic\":false,\"color\":\"white\"}]']},Enchantments:[{lvl:6,id:protection},{lvl:4,id:unbreaking}]}"
            }
          ]
        },
        {
          "type": "minecraft:item",
          "name": "minecraft:iron_sword",
          "functions": [
            {
              "function": "minecraft:set_nbt",
              "tag": "{display:{Name:'[\"\",{\"text\":\"The Excalibur\",\"italic\":false,\"color\":\"#99cc00\"}]',Lore:['[\"\",{\"text\":\"A mighty sword extracted\",\"italic\":false,\"color\":\"dark_green\"}]','[\"\",{\"text\":\"from stone\",\"italic\":false,\"color\":\"dark_green\"}]']},Enchantments:[{lvl:5,id:sharpness}]}"
            }
          ]
        }
      ],
      "conditions": [
        {
          "condition": "minecraft:random_chance",
          "chance": 0.3
        }
      ]
    },
    {
      "rolls": 1,
      "entries": [
        {
          "type": "minecraft:item",
          "name": "minecraft:stick",
          "functions": [
            {
              "function": "minecraft:set_nbt",
              "tag": "{display:{Name:'[\"\",{\"text\":\"Tinky Winkys \",\"italic\":false,\"color\":\"dark_purple\"},{\"text\":\"Blade\",\"italic\":false,\"color\":\"light_purple\"}]',Lore:['[\"\",{\"text\":\"A very strong and powerful\",\"italic\":false,\"color\":\"#9966cc\"}]','[\"\",{\"text\":\"stick (sword)\",\"italic\":false,\"color\":\"#9966cc\"}]']},Enchantments:[{lvl:1,id:knockback},{lvl:10,id:sharpness}]}"
            }
          ]
        },
        {
          "type": "minecraft:item",
          "name": "minecraft:iron_helmet",
          "functions": [
            {
              "function": "minecraft:set_nbt",
              "tag": "{Trim:{pattern:silence,material:quartz},display:{Name:'[\"\",{\"text\":\"Reinforced \",\"italic\":false,\"color\":\"white\"},{\"text\":\"Iron Helm\",\"italic\":false,\"color\":\"aqua\"}]',Lore:['[\"\",{\"text\":\"2x Stronger than regular iron\",\"italic\":false,\"color\":\"dark_aqua\"}]']},Enchantments:[{lvl:2,id:blast_protection},{lvl:2,id:fire_protection},{lvl:2,id:projectile_protection},{lvl:2,id:protection},{lvl:2,id:unbreaking}]}"
            }
          ]
        },
        {
          "type": "minecraft:item",
          "name": "minecraft:crossbow",
          "functions": [
            {
              "function": "minecraft:set_nbt",
              "tag": "{display:{Name:'[\"\",{\"text\":\"Mr.Yoros Crossbow\",\"italic\":false,\"color\":\"dark_green\"}]',Lore:['[\"\",{\"text\":\"Je suis Madagascar \",\"italic\":false,\"color\":\"#999966\"}]']},Enchantments:[{lvl:5,id:piercing},{lvl:2,id:quick_charge},{lvl:1,id:unbreaking}]}"
            }
          ]
        }
      ],
      "conditions": [
        {
          "condition": "minecraft:random_chance",
          "chance": 0.3
        }
      ]
    },
    {
      "rolls": 1,
      "entries": [
        {
          "type": "minecraft:item",
          "name": "minecraft:iron_helmet",
          "functions": [
            {
              "function": "minecraft:enchant_with_levels",
              "levels": {
                "min": 0,
                "max": 20
              }
            }
          ]
        },
        {
          "type": "minecraft:item",
          "name": "minecraft:iron_chestplate",
          "functions": [
            {
              "function": "minecraft:enchant_with_levels",
              "levels": {
                "min": 0,
                "max": 20
              }
            }
          ]
        },
        {
          "type": "minecraft:item",
          "name": "minecraft:iron_leggings",
          "functions": [
            {
              "function": "minecraft:enchant_with_levels",
              "levels": {
                "min": 0,
                "max": 20
              }
            }
          ]
        },
        {
          "type": "minecraft:item",
          "name": "minecraft:iron_boots",
          "functions": [
            {
              "function": "minecraft:enchant_with_levels",
              "levels": {
                "min": 0,
                "max": 20
              }
            }
          ]
        }
      ]
    },
    {
      "rolls": 1,
      "entries": [
        {
          "type": "minecraft:item",
          "name": "minecraft:chainmail_helmet",
          "functions": [
            {
              "function": "minecraft:enchant_with_levels",
              "levels": {
                "min": 0,
                "max": 20
              }
            }
          ]
        },
        {
          "type": "minecraft:item",
          "name": "minecraft:chainmail_chestplate",
          "functions": [
            {
              "function": "minecraft:enchant_with_levels",
              "levels": {
                "min": 0,
                "max": 20
              }
            }
          ]
        },
        {
          "type": "minecraft:item",
          "name": "minecraft:chainmail_leggings",
          "functions": [
            {
              "function": "minecraft:enchant_with_levels",
              "levels": {
                "min": 0,
                "max": 20
              }
            }
          ]
        },
        {
          "type": "minecraft:item",
          "name": "minecraft:chainmail_boots",
          "functions": [
            {
              "function": "minecraft:enchant_with_levels",
              "levels": {
                "min": 0,
                "max": 20
              }
            }
          ]
        }
      ]
    },
    {
      "rolls": 1,
      "entries": [
        {
          "type": "minecraft:item",
          "name": "minecraft:iron_sword"
        },
        {
          "type": "minecraft:item",
          "name": "minecraft:iron_pickaxe"
        },
        {
          "type": "minecraft:item",
          "name": "minecraft:iron_shovel"
        },
        {
          "type": "minecraft:item",
          "name": "minecraft:iron_axe"
        },
        {
          "type": "minecraft:item",
          "name": "minecraft:iron_hoe"
        },
        {
          "type": "minecraft:item",
          "name": "minecraft:bucket"
        }
      ],
      "functions": [
        {
          "function": "minecraft:enchant_with_levels",
          "levels": {
            "min": 0,
            "max": 30
          }
        }
      ]
    }
  ]
}
