{
  "pools": [
    {
      "rolls": {
        "min": 3,
        "max": 6
      },
      "entries": [
        {
          "type": "minecraft:item",
          "name": "minecraft:redstone_lamp",
          "weight": 2,
          "functions": [
            {
              "function": "minecraft:set_count",
              "count": {
                "min": 4,
                "max": 20
              }
            }
          ]
        },
        {
          "type": "minecraft:item",
          "name": "minecraft:repeater",
          "weight": 2,
          "functions": [
            {
              "function": "minecraft:set_count",
              "count": {
                "min": 2,
                "max": 6
              }
            }
          ]
        },
        {
          "type": "minecraft:item",
          "name": "minecraft:redstone_torch",
          "weight": 2,
          "functions": [
            {
              "function": "minecraft:set_count",
              "count": {
                "min": 2,
                "max": 6
              }
            }
          ]
        },
        {
          "type": "minecraft:item",
          "name": "minecraft:redstone",
          "weight": 2,
          "functions": [
            {
              "function": "minecraft:set_count",
              "count": {
                "min": 4,
                "max": 10
              }
            }
          ]
        },
        {
          "type": "minecraft:item",
          "name": "minecraft:redstone_block",
          "weight": 1,
          "functions": [
            {
              "function": "minecraft:set_count",
              "count": {
                "min": 1,
                "max": 3
              }
            }
          ]
        },
        {
          "type": "minecraft:item",
          "name": "minecraft:tripwire_hook",
          "weight": 2,
          "functions": [
            {
              "function": "minecraft:set_count",
              "count": {
                "min": 2,
                "max": 6
              }
            }
          ]
        },
        {
          "type": "minecraft:item",
          "name": "minecraft:piston",
          "weight": 2,
          "functions": [
            {
              "function": "minecraft:set_count",
              "count": {
                "min": 2,
                "max": 6
              }
            }
          ]
        },
        {
          "type": "minecraft:item",
          "name": "minecraft:redstone_ore",
          "weight": 2,
          "functions": [
            {
              "function": "minecraft:set_count",
              "count": {
                "min": 4,
                "max": 10
              }
            }
          ]
        },
        {
          "type": "minecraft:item",
          "name": "minecraft:deepslate_redstone_ore",
          "weight": 2,
          "functions": [
            {
              "function": "minecraft:set_count",
              "count": {
                "min": 4,
                "max": 10
              }
            }
          ]
        },
        {
          "type": "minecraft:item",
          "name": "minecraft:lever",
          "weight": 2,
          "functions": [
            {
              "function": "minecraft:set_count",
              "count": {
                "min": 2,
                "max": 6
              }
            }
          ]
        },
        {
          "type": "minecraft:item",
          "name": "minecraft:sticky_piston",
          "weight": 2,
          "functions": [
            {
              "function": "minecraft:set_count",
              "count": {
                "min": 4,
                "max": 8
              }
            }
          ]
        },
        {
          "type": "minecraft:item",
          "name": "minecraft:comparator",
          "weight": 2,
          "functions": [
            {
              "function": "minecraft:set_count",
              "count": {
                "min": 4,
                "max": 6
              }
            }
          ]
        },
        {
          "type": "minecraft:item",
          "name": "minecraft:tnt",
          "weight": 2,
          "functions": [
            {
              "function": "minecraft:set_count",
              "count": {
                "min": 4,
                "max": 12
              }
            }
          ]
        }
      ]
    },
    {
      "rolls": 1,
      "entries": [
        {
          "type": "minecraft:item",
          "name": "minecraft:leather_chestplate",
          "functions": [
            {
              "function": "minecraft:set_nbt",
              "tag": "{Trim:{pattern:eye,material:redstone},display:{color:16711680,Name:'[\"\",{\"text\":\"Redstone Chestplate\",\"italic\":false,\"color\":\"red\"}]',Lore:['[\"\",{\"text\":\"Conductive Protection\",\"italic\":false,\"color\":\"dark_red\"}]']},Enchantments:[{lvl:3,id:protection},{lvl:5,id:thorns},{lvl:10,id:unbreaking}]}"
            }
          ]
        },
        {
          "type": "minecraft:item",
          "name": "minecraft:fishing_rod",
          "functions": [
            {
              "function": "minecraft:set_nbt",
              "tag": "{display:{Name:'[\"\",{\"text\":\"Here be Treasure\",\"italic\":false,\"color\":\"gold\"}]',Lore:['[\"\",{\"text\":\"Treasure huntin my beloved\",\"italic\":false,\"color\":\"yellow\"}]']},Enchantments:[{lvl:7,id:luck_of_the_sea},{lvl:3,id:unbreaking}]}"
            }
          ]
        },
        {
          "type": "minecraft:item",
          "name": "minecraft:potion",
          "functions": [
            {
              "function": "minecraft:set_nbt",
              "tag": "{CustomPotionColor:11546150,CustomPotionEffects:[{Id:23,Duration:1200,Amplifier:4},{Id:1,Duration:2400,Amplifier:1}],display:{Name:'[\"\",{\"text\":\"Redstone Potion\",\"italic\":false,\"color\":\"red\"}]',Lore:['[\"\",{\"text\":\"Water with redstone \",\"italic\":false,\"color\":\"dark_red\"}]','[\"\",{\"text\":\"and quite a lot of\",\"italic\":false,\"color\":\"dark_red\"}]','[\"\",{\"text\":\"electrons in it\",\"italic\":false,\"color\":\"dark_red\"}]']},Enchantments:[{lvl:3,id:unbreaking}]}"
            }
          ]
        },
        {
          "type": "minecraft:item",
          "name": "minecraft:ghast_spawn_egg",
          "functions": [
            {
              "function": "minecraft:set_nbt",
              "tag": "{EntityTag:{id:iron_golem,CustomName:'[{\"text\":\"Helpful Sigmatron\",\"color\":\"red\"}]',Health:350,Glowing:1b,PersistenceRequired:1b,HandItems:[{},{id:totem_of_undying,Count:1}],HandDropChances:[0f,0f],Attributes:[{Name:\"generic.max_health\",Base:200f}]},display:{Name:'[{\"text\":\"Helpful Sigmatron\",\"italic\":false,\"color\":\"red\"}]',Lore:['[{\"text\":\"A robor that\",\"italic\":false,\"color\":\"dark_red\"}]','[{\"text\":\"shall aid you\",\"italic\":false,\"color\":\"dark_red\"}]','[{\"text\":\"in dire need\",\"italic\":false,\"color\":\"dark_red\"}]']}}"
            }
          ]
        }
      ],
      "conditions": [
        {
          "condition": "minecraft:random_chance",
          "chance": 0.3
        }
      ]
    },
    {
      "rolls": 1,
      "entries": [
        {
          "type": "minecraft:item",
          "name": "minecraft:leather_helmet"
        },
        {
          "type": "minecraft:item",
          "name": "minecraft:leather_leggings"
        },
        {
          "type": "minecraft:item",
          "name": "minecraft:leather_boots"
        }
      ],
      "functions": [
        {
          "function": "minecraft:set_nbt",
          "tag": "{Trim:{pattern:spire,material:redstone},display:{color:11546150}}"
        },
        {
          "function": "minecraft:enchant_with_levels",
          "levels": {
            "min": 0,
            "max": 20
          }
        }
      ]
    }
  ]
}
